{"methods": ["Random", "Fixed\nCurriculum", "ATLAS\n(Ours)", "Oracle\n(Upper Bound)"], "rewards": [50.3562552605222, 37.544108158265665, 49.492966665498614, 37.83056233026027], "knowledge": [0.8694053582540772, 0.5373915829914893, 0.8261228175396101, 0.8391504756439433], "mastery": [0.915, 0.49, 0.694, 1.0]}