{"FAST_VISUAL": {"mean_reward": 52.63579529621575, "mean_knowledge": 0.8214678359292369, "mastery_rate": 0.46153846153846156, "mean_steps": 72.53846153846153}, "SLOW_METHODICAL": {"mean_reward": 42.690706954303586, "mean_knowledge": 0.8609558075518161, "mastery_rate": 0.9230769230769231, "mean_steps": 54.38461538461539}, "SOCIAL_LEARNER": {"mean_reward": 52.390473125768146, "mean_knowledge": 0.5001178636647073, "mastery_rate": 0.0, "mean_steps": 80.0}, "PRACTICE_ORIENTED": {"mean_reward": 56.87917304637043, "mean_knowledge": 0.7346778932849185, "mastery_rate": 0.0, "mean_steps": 80.0}}